"Name","Name da Marca","MarcaId","Estilo","Categoria","",""
"S","BMW","MarcaId","Esportiva","Esportiva","",""
"Electra Glide","Harley-Davidson","MarcaId","Touring","Estrada","",""
"SH","Honda","MarcaId","Scooter","Urbano ","",""
"XT","Yamaha","MarcaId","OffRoad","OffRoad","",""
"GSX","Suzuki","MarcaId","Naked","Urbano ","",""
"","","","","","",""
"","","","","","",""
"","","","","","",""
"","","","","","",""
"","","","","","",""
"","","","","","",""
"","","","","","",""
"","","","","","",""
"","","","","","",""
"","","","","","",""
"","","","","","",""
"","","","","","",""
"","","","","","",""
"","","","","","",""
"","","","","","",""
"","","","","","",""
"","","","","","",""
"","","","","","",""
"","","","","","",""
"","","","","","",""
"","","","","","",""
"","","","","","",""
"","","","","","",""
"","","","","","",""
"","","","","","",""
"","","","","","",""
"","","","","","",""
"","","","","","",""
"","","","","","",""
